link,tags,likes,comments
https://cdn.pixabay.com/photo/2022/03/06/05/30/clouds-7050884__480.jpg,"Sky, Blue Clouds, Sky Atmosphere,",196,55
https://cdn.pixabay.com/photo/2022/04/07/11/45/bird-7117346__340.jpg,"Bird, Hummingbird Ornithology,",76,20
https://cdn.pixabay.com/photo/2022/02/28/15/28/sea-7039471__340.jpg,"Rainbow, Sea, Subtropical Rainfall,",282,106
https://cdn.pixabay.com/photo/2022/04/04/02/52/cherry-blossoms-7110279__340.jpg,"Japan, Cherry Sakura Road, Blossoms,",42,11
https://cdn.pixabay.com/photo/2022/04/09/18/06/cape-marguerite-7121992__340.jpg,"Flower, Marguerite, Cape Plant",39,15
https://cdn.pixabay.com/photo/2021/11/13/23/06/tree-6792528__340.jpg,Tree Under The Relaxing Rest,522,108
https://cdn.pixabay.com/photo/2022/04/07/02/56/cottontail-rabbit-7116707__340.jpg,"Wild Rabbit, Cottontail Grass",51,10
https://cdn.pixabay.com/photo/2022/03/19/21/11/crocus-7079550__340.jpg,"Crocus, Flowers, Plant Spring,",135,44
https://cdn.pixabay.com/photo/2022/04/09/17/30/coffee-7121939__340.jpg,"Caf√©, Table Coffee, Vacation, Drink,",26,5
https://cdn.pixabay.com/photo/2022/03/25/19/24/waterfall-7091641__340.jpg,"Nature, Fall, Light Epic, Waterfall,",96,21
https://cdn.pixabay.com/photo/2021/08/25/20/42/field-6574455__340.jpg,"Field, Dawn, Sunrise, Nature Morning,",807,131
https://cdn.pixabay.com/photo/2022/04/04/18/03/bird-7111988__340.jpg,"Animal Bird, Birdwatching, Robin,",69,19
https://cdn.pixabay.com/photo/2022/04/04/07/58/seedlings-7110591__340.jpg,"Seedlings, Soil, Spring Bloom Flowers,",42,9
https://cdn.pixabay.com/photo/2022/03/23/21/27/road-7087957__340.jpg,"Countryside, Hills Highway, Road,",53,14
https://cdn.pixabay.com/photo/2022/03/27/15/03/cityscape-7095358__340.jpg,"Monochrome, City Bridge, Cityscape,",45,13
https://cdn.pixabay.com/photo/2022/03/25/17/54/sakura-7091532__340.jpg,"Blossoms, Cherry Water Sakura, Spring,",70,12
https://cdn.pixabay.com/photo/2022/04/01/19/03/background-7105471__480.jpg,"Template, Eggs, Art Background, Easter,",5,2
https://cdn.pixabay.com/photo/2022/01/31/12/46/bird-6983434__340.jpg,"Chat, Bird, Indian Ornithology, Species",171,53
https://cdn.pixabay.com/photo/2022/01/18/16/49/town-6947538__340.jpg,"Village, Night, Town, Season Winter,",109,15
https://cdn.pixabay.com/photo/2022/04/09/17/42/flower-7121955__340.jpg,"Viola, Pansy, Flower, Bloom Blossom,",55,36
https://cdn.pixabay.com/photo/2021/08/30/21/29/port-6587129__340.jpg,"Architecture, Lake, Port, Vacations",276,49
https://cdn.pixabay.com/photo/2022/03/16/02/03/sunflowers-7071449__340.jpg,"Flowers, Plant Sunflowers,",54,21
https://cdn.pixabay.com/photo/2022/03/28/18/41/coffee-7098126__340.jpg,"Flowers, Coffee, Morning Spring,",40,10
https://cdn.pixabay.com/photo/2022/02/12/06/21/roys-peak-7008528__340.jpg,"Roys Wanaka, Lake, Peak, Mountains",69,19
https://cdn.pixabay.com/photo/2021/11/21/21/14/mountain-6815304__340.jpg,"downloads you, likes. and for many everyone. you Thank",197,0
https://cdn.pixabay.com/photo/2021/08/22/15/48/nature-6565499__340.jpg,"Beach, Exploration Outdoors, Nature,",272,150
https://cdn.pixabay.com/photo/2022/03/03/11/18/nature-7045125__340.jpg,Danish of Jutland. sunset. The during Shot Coast West,48,11
https://cdn.pixabay.com/photo/2022/03/16/21/01/gentoo-penguin-7073391__340.jpg,"Animal Bird, Penguin, Gentoo",93,22
https://cdn.pixabay.com/photo/2021/11/26/20/45/lantern-6826698__340.jpg,"Tree Sea, Heaven, Beach, Water, Lantern,",243,31
https://cdn.pixabay.com/photo/2022/04/03/05/03/easter-7108066__340.jpg,"Easter Easter, Bunny Spring,",17,10
https://cdn.pixabay.com/photo/2018/01/14/23/12/nature-3082832__340.jpg,green lake daytime on brown trees during rock formation,3098,495
https://cdn.pixabay.com/photo/2022/02/27/19/46/tourist-attraction-7037967__340.jpg,"Tourist Travel Attraction, Eiffel Tower,",83,21
https://cdn.pixabay.com/photo/2022/04/07/22/23/menhir-7118382__480.jpg,"Clouds, Stones Menhir, Stones, Standing",64,49
https://cdn.pixabay.com/photo/2022/01/13/18/05/road-6935773__340.jpg,"Snow, Trees, Road, Frost, Path Winter,",133,24
https://cdn.pixabay.com/photo/2022/04/10/07/03/bird-7122753__340.jpg,"Bird, Woodpecker",28,20
https://cdn.pixabay.com/photo/2021/11/25/19/50/tape-6824489__340.jpg,"Music, Classic Tape, Cassette, Retro,",134,20
https://cdn.pixabay.com/photo/2022/01/10/15/29/wind-mills-6928590__340.jpg,"Energy, Clouds, Mills, Power Wind",144,101
https://cdn.pixabay.com/photo/2022/02/15/07/27/travel-7014427__340.jpg,"Travel, Square, Piran Tourism, Tartini,",70,19
https://cdn.pixabay.com/photo/2022/04/11/04/33/easter-eggs-7124718__340.jpg,"Eggs, Easter Colored Eggs Nest,",29,0
https://cdn.pixabay.com/photo/2022/02/07/22/27/winter-7000429__340.jpg,"Nature, Travel Outdoors, Season, Winter,",111,24
https://cdn.pixabay.com/photo/2022/04/11/09/40/glacier-7125386__340.jpg,"Dying Melting Glacier Glacier, Glaciers,",36,27
https://cdn.pixabay.com/photo/2021/11/01/21/31/forest-6761846__340.jpg,"Green, Forest, Jungle, Nature Tropical,",135,22
https://cdn.pixabay.com/photo/2022/02/05/08/13/tulip-6994245__340.jpg,"Flower, Petals Bloom, Tulip, Blossom,",92,35
https://cdn.pixabay.com/photo/2022/04/07/13/06/flowers-7117461__340.jpg,"Petals Pink Flowers,",62,0
https://cdn.pixabay.com/photo/2022/02/22/03/22/passiflora-7027917__340.jpg,"Flower, Passiflora, Passion Flower",97,66
https://cdn.pixabay.com/photo/2021/11/02/21/57/prayer-6764197__340.jpg,"Hope, Prayer, Faith, Religion, Blessing",175,57
https://cdn.pixabay.com/photo/2022/04/09/10/13/galaxy-7121195__340.jpg,"Galaxy, Cosmos Universe, Star, Space,",45,40
https://cdn.pixabay.com/photo/2022/03/31/09/25/dragonfly-7102558__480.jpg,"Dragonfly, Insect, Macro Nature,",19,3
